TYPE,YEAR,MONTH,DAY,HOUR,MINUTE,HUNDRED_BLOCK,NEIGHBOURHOOD,X,Y
Break and Enter Commercial,2022,1,26,16,59,20XX W 43RD AVE,Kerrisdale,488734.5972,5453340.542
Break and Enter Commercial,2022,1,29,17,30,20XX W 46TH AVE,Kerrisdale,488716.933,5453017.08
Break and Enter Commercial,2022,3,10,0,0,20XX W 46TH AVE,Kerrisdale,488716.933,5453017.08
Break and Enter Commercial,2022,1,18,4,0,21XX W 46TH AVE,Kerrisdale,488637.799,5453018.761
Break and Enter Commercial,2022,2,17,10,0,24XX W 43RD AVE,Kerrisdale,488240.2434,5453354.513
Break and Enter Commercial,2022,2,14,9,0,29XX SW MARINE DR,Kerrisdale,487422,5452805.204
Break and Enter Commercial,2022,4,29,11,37,57XX VINE ST,Kerrisdale,488351.33,5453513.492
Break and Enter Commercial,2022,2,12,16,0,59XX VINE ST,Kerrisdale,488346.6981,5453318.434
Break and Enter Commercial,2022,2,12,11,2,60XX EAST BLVD,Kerrisdale,488711.7426,5453195.73
Break and Enter Commercial,2022,2,11,17,30,61XX ALMA ST,Kerrisdale,486383.1404,5452898.555
Break and Enter Commercial,2022,1,19,10,32,61XX VINE ST,Kerrisdale,488350.2915,5453112.749
Break and Enter Commercial,2022,2,5,22,20,63XX WEST BLVD,Kerrisdale,488653.6952,5452892.057
Break and Enter Commercial,2022,5,10,9,53,65XX BALACLAVA ST,Kerrisdale,487198.2051,5452691.534
Break and Enter Commercial,2022,4,26,1,10,71XX ADERA ST,Kerrisdale,489534.7659,5452006.003
Break and Enter Residential/Other,2022,2,28,20,29,15XX W 57TH AVE,Kerrisdale,489748.0003,5451854.286
Break and Enter Residential/Other,2022,3,4,19,58,16XX W 49TH AVE,Kerrisdale,489550.0195,5452697.486
Break and Enter Residential/Other,2022,3,3,2,30,17XX W 49TH AVE,Kerrisdale,489353.4578,5452701.666
Break and Enter Residential/Other,2022,5,12,0,0,18XX SW MARINE DR,Kerrisdale,489139.022,5450789.284
Break and Enter Residential/Other,2022,2,11,0,0,18XX SW MARINE DR,Kerrisdale,489151.5294,5450770.327
Break and Enter Residential/Other,2022,5,6,0,0,18XX W 58TH AVE,Kerrisdale,489166.9514,5451764.533
Break and Enter Residential/Other,2022,1,3,10,35,19XX W 44TH AVE,Kerrisdale,489083.2843,5453233.386
Break and Enter Residential/Other,2022,6,14,18,23,19XX W 45TH AVE,Kerrisdale,489048.9009,5453127.192
Break and Enter Residential/Other,2022,5,5,12,20,20XX W 43RD AVE,Kerrisdale,488753.6914,5453340.01
Break and Enter Residential/Other,2022,3,10,10,8,21XX W 45TH AVE,Kerrisdale,488658.13,5453136.76
Break and Enter Residential/Other,2022,3,15,2,24,21XX W 46TH AVE,Kerrisdale,488625.5539,5453019.096
Break and Enter Residential/Other,2022,2,7,7,38,22XX YEWBROOK PL,Kerrisdale,488332.2007,5451931.755
Break and Enter Residential/Other,2022,3,23,14,30,32XX SW MARINE DR,Kerrisdale,487067.1809,5453018.299
Break and Enter Residential/Other,2022,5,5,21,0,33XX DEERING ISLAND PL,Kerrisdale,486863.4592,5451564.999
Break and Enter Residential/Other,2022,7,12,11,15,37XX W 49TH AVE,Kerrisdale,486381.3559,5452757.607
Break and Enter Residential/Other,2022,6,7,9,0,58XX ANGUS DR,Kerrisdale,489240.3916,5453342.477
Break and Enter Residential/Other,2022,1,3,23,30,59XX ELM ST,Kerrisdale,488036.5235,5453318.309
Break and Enter Residential/Other,2022,5,23,3,40,60XX ADERA ST,Kerrisdale,489554.1274,5453201.496
Break and Enter Residential/Other,2022,5,14,13,20,63XX DUNBAR ST,Kerrisdale,486493.4367,5452942.568
Break and Enter Residential/Other,2022,2,26,18,0,64XX EAST BLVD,Kerrisdale,488735.0677,5452774.754
Break and Enter Residential/Other,2022,3,13,20,0,64XX MARGUERITE ST,Kerrisdale,489449.8192,5452757.114
Break and Enter Residential/Other,2022,3,19,22,40,65XX MARGUERITE ST,Kerrisdale,489438.1017,5452668.311
Break and Enter Residential/Other,2022,3,25,4,20,66XX ADERA ST,Kerrisdale,489549.4311,5452582.802
Break and Enter Residential/Other,2022,2,2,15,38,66XX CYPRESS ST,Kerrisdale,489115.6887,5452486.38
Break and Enter Residential/Other,2022,5,18,17,45,66XX EAST BLVD,Kerrisdale,488814.7268,5452563.551
Break and Enter Residential/Other,2022,4,2,0,0,66XX MARGUERITE ST,Kerrisdale,489433.6744,5452519.814
Break and Enter Residential/Other,2022,2,4,20,9,68XX ANGUS DR,Kerrisdale,489223.4435,5452369.346
Break and Enter Residential/Other,2022,3,31,2,30,68XX BEECHWOOD ST,Kerrisdale,488549.0592,5452266.264
Break and Enter Residential/Other,2022,1,11,14,0,68XX BEECHWOOD ST,Kerrisdale,488558.8092,5452327.584
Break and Enter Residential/Other,2022,6,6,10,15,68XX CYPRESS ST,Kerrisdale,489102.1578,5452268.861
Break and Enter Residential/Other,2022,4,13,22,41,69XX CHURCHILL ST,Kerrisdale,489677.1579,5452149.694
Break and Enter Residential/Other,2022,5,14,19,0,71XX MARGUERITE ST,Kerrisdale,489418.2991,5451997.943
Break and Enter Residential/Other,2022,1,19,5,0,72XX ADERA ST,Kerrisdale,489523.6628,5451879.402
Break and Enter Residential/Other,2022,6,30,12,5,72XX WILTSHIRE ST,Kerrisdale,489305.7769,5451937.768
Mischief,2022,3,5,18,41,15XX W 45TH AVE,Kerrisdale,489800.6916,5453099.817
Mischief,2022,5,13,16,30,19XX W 45TH AVE,Kerrisdale,489072.3444,5453117.452
Mischief,2022,7,11,14,5,21XX W 41ST AVE,Kerrisdale,488489.0141,5453545.804
Mischief,2022,6,14,1,14,21XX W 41ST AVE,Kerrisdale,488614.4144,5453542.574
Mischief,2022,1,7,10,0,21XX W 42ND AVE,Kerrisdale,488668.242,5453429.704
Mischief,2022,1,18,0,0,21XX W 46TH AVE,Kerrisdale,488637.799,5453018.761
Mischief,2022,3,7,11,10,24XX W 41ST AVE,Kerrisdale,488155.1105,5453553.379
Mischief,2022,5,27,16,32,27XX W 50TH AVE,Kerrisdale,487924.8328,5452644.69
Mischief,2022,2,18,9,0,29XX W 41ST AVE,Kerrisdale,487557.9522,5453558.813
Mischief,2022,3,23,14,30,32XX SW MARINE DR,Kerrisdale,487067.1809,5453018.299
Mischief,2022,4,1,12,0,32XX SW MARINE DR,Kerrisdale,487067.1809,5453018.299
Mischief,2022,4,4,11,50,38XX W 51ST AVE,Kerrisdale,486185.5384,5452538.874
Mischief,2022,2,1,10,13,57XX YEW ST,Kerrisdale,488455.0531,5453477.96
Mischief,2022,6,14,0,32,58XX EAST BLVD,Kerrisdale,488716.4119,5453356.706
Mischief,2022,4,9,17,0,59XX BALSAM ST,Kerrisdale,488251.967,5453285.152
Mischief,2022,1,14,23,0,60XX ADERA ST,Kerrisdale,489563.4805,5453211.025
Mischief,2022,1,8,16,0,60XX EAST BLVD,Kerrisdale,488710.5727,5453154.799
Mischief,2022,5,25,16,20,60XX ELM ST,Kerrisdale,488043.2967,5453250.275
Mischief,2022,1,4,17,0,60XX VINE ST,Kerrisdale,488353.1429,5453223.816
Mischief,2022,7,6,3,10,64XX CYPRESS ST,Kerrisdale,489111.4864,5452725.127
Mischief,2022,6,9,20,0,64XX MACDONALD ST,Kerrisdale,487813.8755,5452808.916
Mischief,2022,5,4,20,0,68XX LABURNUM ST,Kerrisdale,488999.7323,5452376.48
Mischief,2022,3,19,17,0,69XX MARGUERITE ST,Kerrisdale,489431.6205,5452139.33
Mischief,2022,2,6,2,54,73XX MAPLE ST,Kerrisdale,488900.8255,5451772.93
Mischief,2022,5,6,15,0,ANGUS DR / W 64TH AVE,Kerrisdale,489186.3469,5451175.555
Offence Against a Person,2022,4,9,0,0,OFFSET TO PROTECT PRIVACY,Kerrisdale,0,0
Offence Against a Person,2022,3,14,0,0,OFFSET TO PROTECT PRIVACY,Kerrisdale,0,0
Offence Against a Person,2022,5,27,0,0,OFFSET TO PROTECT PRIVACY,Kerrisdale,0,0
Offence Against a Person,2022,6,25,0,0,OFFSET TO PROTECT PRIVACY,Kerrisdale,0,0
Offence Against a Person,2022,5,7,0,0,OFFSET TO PROTECT PRIVACY,Kerrisdale,0,0
Offence Against a Person,2022,3,19,0,0,OFFSET TO PROTECT PRIVACY,Kerrisdale,0,0
Offence Against a Person,2022,1,1,0,0,OFFSET TO PROTECT PRIVACY,Kerrisdale,0,0
Offence Against a Person,2022,3,29,0,0,OFFSET TO PROTECT PRIVACY,Kerrisdale,0,0
Offence Against a Person,2022,4,13,0,0,OFFSET TO PROTECT PRIVACY,Kerrisdale,0,0
Offence Against a Person,2022,6,29,0,0,OFFSET TO PROTECT PRIVACY,Kerrisdale,0,0
Offence Against a Person,2022,5,18,0,0,OFFSET TO PROTECT PRIVACY,Kerrisdale,0,0
Offence Against a Person,2022,5,14,0,0,OFFSET TO PROTECT PRIVACY,Kerrisdale,0,0
Offence Against a Person,2022,4,17,0,0,OFFSET TO PROTECT PRIVACY,Kerrisdale,0,0
Other Theft,2022,3,27,12,30,20XX W 41ST AVE,Kerrisdale,488723.2272,5453540.143
Other Theft,2022,4,15,11,19,20XX W 41ST AVE,Kerrisdale,488723.2272,5453540.143
Other Theft,2022,3,22,7,44,20XX W 41ST AVE,Kerrisdale,488727.303,5453540.034
Other Theft,2022,3,9,10,11,20XX W 41ST AVE,Kerrisdale,488739.5301,5453539.707
Other Theft,2022,3,31,16,45,20XX W 41ST AVE,Kerrisdale,488776.2116,5453538.724
Other Theft,2022,6,29,17,30,20XX W 41ST AVE,Kerrisdale,488776.2116,5453538.724
Other Theft,2022,4,3,15,40,20XX W 41ST AVE,Kerrisdale,488804.7417,5453537.96
Other Theft,2022,4,4,12,50,20XX W 41ST AVE,Kerrisdale,488804.7417,5453537.96
Other Theft,2022,5,13,17,28,20XX W 41ST AVE,Kerrisdale,488804.7417,5453537.96
Other Theft,2022,6,9,10,5,20XX W 41ST AVE,Kerrisdale,488804.7417,5453537.96
Other Theft,2022,7,9,10,35,20XX W 41ST AVE,Kerrisdale,488804.7417,5453537.96
Other Theft,2022,7,9,17,13,20XX W 41ST AVE,Kerrisdale,488804.7417,5453537.96
Other Theft,2022,1,3,17,42,20XX W 41ST AVE,Kerrisdale,488805.5221,5453537.939
Other Theft,2022,1,13,15,30,20XX W 41ST AVE,Kerrisdale,488805.5221,5453537.939
Other Theft,2022,1,13,15,34,20XX W 41ST AVE,Kerrisdale,488805.5221,5453537.939
Other Theft,2022,1,14,12,19,20XX W 41ST AVE,Kerrisdale,488805.5221,5453537.939
Other Theft,2022,2,3,10,2,20XX W 41ST AVE,Kerrisdale,488805.5221,5453537.939
Other Theft,2022,4,18,11,14,20XX W 41ST AVE,Kerrisdale,488805.5221,5453537.939
Other Theft,2022,4,23,13,30,20XX W 41ST AVE,Kerrisdale,488805.5221,5453537.939
Other Theft,2022,2,11,10,3,20XX W 42ND AVE,Kerrisdale,488732.6729,5453440.356
Other Theft,2022,5,3,18,33,20XX W 42ND AVE,Kerrisdale,488732.6729,5453440.356
Other Theft,2022,6,8,11,53,20XX W 42ND AVE,Kerrisdale,488732.6729,5453440.356
Other Theft,2022,3,27,12,40,20XX W 42ND AVE,Kerrisdale,488740.6652,5453440.11
Other Theft,2022,4,12,13,41,20XX W 42ND AVE,Kerrisdale,488740.6652,5453440.11
Other Theft,2022,4,22,16,0,20XX W 42ND AVE,Kerrisdale,488768.2849,5453439.262
Other Theft,2022,6,11,3,39,20XX W 62ND AVE,Kerrisdale,488766.5033,5451379.151
Other Theft,2022,3,10,13,30,21XX W 41ST AVE,Kerrisdale,488548.0845,5453544.348
Other Theft,2022,4,25,8,30,21XX W 41ST AVE,Kerrisdale,488548.0845,5453544.348
Other Theft,2022,4,4,11,12,21XX W 41ST AVE,Kerrisdale,488552.5065,5453544.229
Other Theft,2022,5,28,11,30,21XX W 41ST AVE,Kerrisdale,488552.5065,5453544.229
Other Theft,2022,4,19,15,10,21XX W 41ST AVE,Kerrisdale,488645.3683,5453541.746
Other Theft,2022,3,29,17,0,21XX W 45TH AVE,Kerrisdale,488463.0497,5453142.097
Other Theft,2022,5,9,23,0,21XX W 45TH AVE,Kerrisdale,488463.0497,5453142.097
Other Theft,2022,3,31,2,30,21XX W 54TH AVE,Kerrisdale,488596.2335,5452137.126
Other Theft,2022,1,13,21,50,28XX W 41ST AVE,Kerrisdale,487652.0465,5453558.465
Other Theft,2022,7,3,18,20,30XX W 41ST AVE,Kerrisdale,487313.4073,5453560.989
Other Theft,2022,4,9,15,38,32XX SW MARINE DR,Kerrisdale,487067.1809,5453018.299
Other Theft,2022,4,11,12,50,40XX SW MARINE DR,Kerrisdale,485888.8836,5453451.505
Other Theft,2022,4,29,11,37,57XX VINE ST,Kerrisdale,488351.33,5453513.492
Other Theft,2022,5,29,13,50,58XX WEST BLVD,Kerrisdale,488667.251,5453384.916
Other Theft,2022,6,8,15,44,59XX BALSAM ST,Kerrisdale,488251.967,5453285.152
Other Theft,2022,6,21,16,6,59XX LARCH ST,Kerrisdale,488149.6408,5453270.686
Other Theft,2022,2,25,18,52,61XX MACDONALD ST,Kerrisdale,487815.1297,5453125.465
Other Theft,2022,3,25,0,10,62XX CHURCHILL ST,Kerrisdale,489698.2759,5452984.374
Other Theft,2022,6,24,12,20,63XX MAPLE ST,Kerrisdale,488917.4277,5452858.976
Other Theft,2022,1,26,4,30,64XX MACKENZIE PL,Kerrisdale,487611.2375,5452869.437
Other Theft,2022,4,21,21,30,64XX WEST BLVD,Kerrisdale,488685.0531,5452766.659
Other Theft,2022,6,24,17,30,64XX WEST BLVD,Kerrisdale,488685.0531,5452766.659
Other Theft,2022,7,13,21,15,64XX WEST BLVD,Kerrisdale,488685.0531,5452766.659
Other Theft,2022,1,3,18,30,65XX WILTSHIRE ST,Kerrisdale,489329.3983,5452617.846
Other Theft,2022,3,4,19,27,66XX CYPRESS ST,Kerrisdale,489115.6203,5452483.049
Other Theft,2022,7,2,0,0,66XX MACDONALD ST,Kerrisdale,487721.1482,5452544.804
Other Theft,2022,3,17,13,50,66XX WILTSHIRE ST,Kerrisdale,489318.8073,5452561.718
Other Theft,2022,6,8,17,30,75XX ARBUTUS ST,Kerrisdale,488738.993,5451704.848
Other Theft,2022,3,21,16,30,85XX ANGLERS PL,Kerrisdale,488997.089,5450669.144
Other Theft,2022,6,11,16,18,ELM ST / W 42ND AVE,Kerrisdale,488047.0364,5453453.47
Theft from Vehicle,2022,2,3,22,0,18XX W 41ST AVE,Kerrisdale,489162.4815,5453528.37
Theft from Vehicle,2022,2,6,5,24,19XX W 44TH AVE,Kerrisdale,488972.6958,5453227.894
Theft from Vehicle,2022,6,13,3,20,19XX W 52ND AVE,Kerrisdale,489107.5556,5452385.076
Theft from Vehicle,2022,2,18,4,45,19XX W 62ND AVE,Kerrisdale,488915.3999,5451376.451
Theft from Vehicle,2022,4,11,19,0,21XX W 44TH AVE,Kerrisdale,488664.789,5453234.955
Theft from Vehicle,2022,3,16,19,14,21XX W 47TH AVE,Kerrisdale,488653.9401,5452921.551
Theft from Vehicle,2022,4,16,22,0,21XX W 48TH AVE,Kerrisdale,488538.0401,5452824.93
Theft from Vehicle,2022,4,11,18,30,21XX W 48TH AVE,Kerrisdale,488656.5422,5452822.468
Theft from Vehicle,2022,2,7,7,38,22XX YEWBROOK PL,Kerrisdale,488332.2007,5451931.755
Theft from Vehicle,2022,4,8,0,0,24XX W 51ST AVE,Kerrisdale,488178.6851,5452483.875
Theft from Vehicle,2022,4,17,6,30,26XX W 42ND AVE,Kerrisdale,487960.3096,5453458.588
Theft from Vehicle,2022,2,3,22,50,26XX W 45TH AVE,Kerrisdale,488005.7636,5453144.107
Theft from Vehicle,2022,5,14,21,30,57XX ADERA ST,Kerrisdale,489560.0005,5453480.798
Theft from Vehicle,2022,4,17,13,30,58XX WEST BLVD,Kerrisdale,488667.251,5453384.916
Theft from Vehicle,2022,3,9,19,30,59XX EAST BLVD,Kerrisdale,488714.4273,5453288.01
Theft from Vehicle,2022,6,12,20,0,60XX ANGUS DR,Kerrisdale,489245.5918,5453193.63
Theft from Vehicle,2022,2,10,0,0,60XX HOLLAND ST,Kerrisdale,485994.9824,5453135.641
Theft from Vehicle,2022,4,22,23,20,60XX TRAFALGAR ST,Kerrisdale,487923.1576,5453249.21
Theft from Vehicle,2022,4,4,21,45,62XX ANGUS DR,Kerrisdale,489238.4782,5452926.904
Theft from Vehicle,2022,6,14,23,0,63XX MAPLE ST,Kerrisdale,488917.4277,5452858.976
Theft from Vehicle,2022,1,28,13,0,63XX MARGUERITE ST,Kerrisdale,489452.8759,5452865
Theft from Vehicle,2022,4,19,3,19,65XX MAPLE ST,Kerrisdale,488913.5505,5452711.92
Theft from Vehicle,2022,3,19,22,40,65XX MARGUERITE ST,Kerrisdale,489438.1017,5452668.311
Theft from Vehicle,2022,6,4,17,30,68XX CHURCHILL ST,Kerrisdale,489672.6976,5452343.964
Theft from Vehicle,2022,4,10,22,0,69XX CHURCHILL ST,Kerrisdale,489678.6778,5452212.697
Theft from Vehicle,2022,1,23,23,0,70XX WILTSHIRE ST,Kerrisdale,489307.2017,5452106.539
Theft from Vehicle,2022,4,26,1,10,71XX ADERA ST,Kerrisdale,489534.7659,5452006.003
Theft from Vehicle,2022,6,7,23,20,72XX ADERA ST,Kerrisdale,489533.503,5451924.322
Theft from Vehicle,2022,4,17,1,39,77XX ANGUS DR,Kerrisdale,489187.2735,5451402.743
Theft from Vehicle,2022,5,3,22,30,ADERA ST / W 43RD AVE,Kerrisdale,489561.1559,5453314.554
Theft from Vehicle,2022,7,1,19,5,BLENHEIM ST / CELTIC AVE,Kerrisdale,486967.7069,5451774.225
Theft from Vehicle,2022,6,24,23,0,BLENHEIM ST / SW MARINE DR,Kerrisdale,486989.3404,5453053.086
Theft from Vehicle,2022,2,10,18,45,GRANVILLE ST / W 43RD AVE,Kerrisdale,489837.4405,5453307.855
Theft of Bicycle,2022,5,6,0,0,18XX W 58TH AVE,Kerrisdale,489166.9514,5451764.533
Theft of Bicycle,2022,3,10,0,0,20XX W 46TH AVE,Kerrisdale,488716.933,5453017.08
Theft of Bicycle,2022,6,27,0,0,20XX W 47TH AVE,Kerrisdale,488876.0159,5452914.686
Theft of Bicycle,2022,1,19,12,0,21XX W 46TH AVE,Kerrisdale,488637.799,5453018.761
Theft of Bicycle,2022,5,1,13,5,21XX W 54TH AVE,Kerrisdale,488665.6597,5452123.954
Theft of Bicycle,2022,3,9,0,0,57XX LARCH ST,Kerrisdale,488155.641,5453507.427
Theft of Bicycle,2022,6,4,23,30,59XX VINE ST,Kerrisdale,488346.6981,5453318.434
Theft of Bicycle,2022,2,8,14,0,60XX EAST BLVD,Kerrisdale,488712.3473,5453216.893
Theft of Bicycle,2022,2,9,12,0,60XX EAST BLVD,Kerrisdale,488712.3473,5453216.893
Theft of Bicycle,2022,5,14,13,20,63XX DUNBAR ST,Kerrisdale,486493.4367,5452942.568
Theft of Bicycle,2022,2,18,14,30,63XX MAPLE ST,Kerrisdale,488917.4568,5452860.055
Theft of Bicycle,2022,3,9,16,0,63XX MAPLE ST,Kerrisdale,488917.4568,5452860.055
Theft of Bicycle,2022,3,13,20,0,64XX MARGUERITE ST,Kerrisdale,489449.8192,5452757.114
Theft of Bicycle,2022,3,25,4,20,66XX ADERA ST,Kerrisdale,489549.4311,5452582.802
Theft of Bicycle,2022,6,12,13,45,70XX BLENHEIM ST,Kerrisdale,486974.7668,5452171.834
Theft of Vehicle,2022,1,10,11,0,15XX W 57TH AVE,Kerrisdale,489756.3909,5451853.947
Theft of Vehicle,2022,1,11,12,0,17XX W 54TH AVE,Kerrisdale,489424.6812,5452114.459
Theft of Vehicle,2022,4,14,17,0,58XX VINE ST,Kerrisdale,488359.0017,5453449.174
Vehicle Collision or Pedestrian Struck (with Fatality),2022,5,16,9,5,W 46TH AVE / GRANVILLE ST,Kerrisdale,489828,5452999
Vehicle Collision or Pedestrian Struck (with Injury),2022,7,8,23,46,21XX W 41ST AVE,Kerrisdale,488544,5453549
Vehicle Collision or Pedestrian Struck (with Injury),2022,4,5,10,38,GRANVILLE ST / W 49TH AVE,Kerrisdale,489820,5452696
Vehicle Collision or Pedestrian Struck (with Injury),2022,7,3,15,12,GRANVILLE ST / W 49TH AVE,Kerrisdale,489820,5452696
Vehicle Collision or Pedestrian Struck (with Injury),2022,3,26,13,40,GRANVILLE ST / W 55TH AVE,Kerrisdale,489801,5452012
Vehicle Collision or Pedestrian Struck (with Injury),2022,6,13,9,52,MACDONALD ST / W 49TH AVE,Kerrisdale,487809,5452739
Vehicle Collision or Pedestrian Struck (with Injury),2022,6,29,16,17,SW MARINE DR / MACDONALD ST,Kerrisdale,487737,5452569
Vehicle Collision or Pedestrian Struck (with Injury),2022,3,11,19,48,W 41ST AVE / GRANVILLE ST,Kerrisdale,489835,5453516
Vehicle Collision or Pedestrian Struck (with Injury),2022,5,25,7,3,W 41ST AVE / WEST BLVD,Kerrisdale,488676,5453545
Vehicle Collision or Pedestrian Struck (with Injury),2022,2,3,17,52,W 42ND AVE / EAST BLVD,Kerrisdale,488714,5453436
Vehicle Collision or Pedestrian Struck (with Injury),2022,5,7,13,20,W 44TH AVE / MACKENZIE ST,Kerrisdale,487601,5453250
Vehicle Collision or Pedestrian Struck (with Injury),2022,1,14,15,46,W 47TH AVE / GRANVILLE ST,Kerrisdale,489826,5452897
Vehicle Collision or Pedestrian Struck (with Injury),2022,6,28,6,45,W 49TH AVE / GRANVILLE ST,Kerrisdale,489820,5452696
Vehicle Collision or Pedestrian Struck (with Injury),2022,6,21,0,2,W 49TH AVE / MACDONALD ST,Kerrisdale,487809,5452739
Vehicle Collision or Pedestrian Struck (with Injury),2022,5,7,10,13,W 52ND AVE / GRANVILLE ST,Kerrisdale,489811,5452375
Vehicle Collision or Pedestrian Struck (with Injury),2022,6,3,17,25,W 52ND AVE / GRANVILLE ST,Kerrisdale,489811,5452375
Break and Enter Commercial,2022,2,25,10,15,10XX BALFOUR AVE,Shaughnessy,490699.8049,5455444.077
Break and Enter Commercial,2022,4,30,22,45,10XX BALFOUR AVE,Shaughnessy,490699.8049,5455444.077
Break and Enter Commercial,2022,4,5,22,18,10XX LAURIER AVE,Shaughnessy,490704.3405,5455350.026
Break and Enter Commercial,2022,3,27,5,33,10XX W KING EDWARD AVE,Shaughnessy,490656.6077,5455187.087
Break and Enter Commercial,2022,3,26,15,0,12XX W 38TH AVE,Shaughnessy,490350.0685,5453802.175
Break and Enter Commercial,2022,5,6,14,17,15XX W 28TH AVE,Shaughnessy,489824.27,5454863.011
Break and Enter Commercial,2022,5,24,8,9,17XX W 36TH AVE,Shaughnessy,489496.2221,5454042.146
Break and Enter Residential/Other,2022,6,5,22,0,10XX DOUGLAS CRES,Shaughnessy,490604.3571,5455786.867
Break and Enter Residential/Other,2022,2,13,16,0,10XX RICHELIEU AVE,Shaughnessy,490724.1671,5455933.825
Break and Enter Residential/Other,2022,1,5,21,16,10XX W 16TH AVE,Shaughnessy,490713.9612,5456033.278
Break and Enter Residential/Other,2022,7,10,20,2,10XX W 29TH AVE,Shaughnessy,490589.4737,5454740.467
Break and Enter Residential/Other,2022,5,5,11,0,10XX W 33RD AVE,Shaughnessy,490649.8186,5454311.084
Break and Enter Residential/Other,2022,2,16,1,43,10XX W 38TH AVE,Shaughnessy,490553.3559,5453781.756
Break and Enter Residential/Other,2022,5,12,9,30,11XX DEVONSHIRE CRES,Shaughnessy,490523.5778,5454653.05
Break and Enter Residential/Other,2022,3,11,7,30,11XX MATTHEWS AVE,Shaughnessy,490336.7313,5455659.844
Break and Enter Residential/Other,2022,6,30,9,5,11XX W 26TH AVE,Shaughnessy,490513.9037,5455050.9
Break and Enter Residential/Other,2022,5,11,16,0,11XX W 33RD AVE,Shaughnessy,490511.7569,5454310.333
Break and Enter Residential/Other,2022,7,13,9,15,11XX W 33RD AVE,Shaughnessy,490511.7569,5454310.333
Break and Enter Residential/Other,2022,1,3,11,22,13XX W 32ND AVE,Shaughnessy,490059.658,5454601.853
Break and Enter Residential/Other,2022,5,5,6,45,14XX NANTON AVE,Shaughnessy,489886.8252,5454973.904
Break and Enter Residential/Other,2022,7,4,17,27,14XX W KING EDWARD AVE,Shaughnessy,489898.5254,5455175.107
Break and Enter Residential/Other,2022,5,4,4,0,15XX W 32ND AVE,Shaughnessy,489771.6642,5454492.681
Break and Enter Residential/Other,2022,3,6,0,0,16XX ANGUS DR,Shaughnessy,489659.019,5455743.048
Break and Enter Residential/Other,2022,4,17,4,52,16XX W 29TH AVE,Shaughnessy,489624.2456,5454752.099
Break and Enter Residential/Other,2022,2,9,11,9,19XX W KING EDWARD AVE,Shaughnessy,489068.3749,5455259.861
Break and Enter Residential/Other,2022,6,6,17,35,20XX W 20TH AVE,Shaughnessy,489019.177,5455637.538
Break and Enter Residential/Other,2022,7,3,11,0,33XX GRANVILLE ST,Shaughnessy,489891.572,5455906.641
Break and Enter Residential/Other,2022,3,25,20,15,33XX OAK ST,Shaughnessy,490733.4782,5455870.184
Break and Enter Residential/Other,2022,2,14,10,21,42XX PINE CRES,Shaughnessy,489255.2275,5455008.242
Break and Enter Residential/Other,2022,1,7,20,0,42XX SELKIRK ST,Shaughnessy,490385.0109,5455036.317
Break and Enter Residential/Other,2022,6,27,13,35,44XX OAK ST,Shaughnessy,490704.4928,5454776.497
Break and Enter Residential/Other,2022,4,14,10,0,47XX HUDSON ST,Shaughnessy,490152.4777,5454518.232
Break and Enter Residential/Other,2022,4,12,2,3,49XX MARGUERITE ST,Shaughnessy,489513.8406,5454348.8
Break and Enter Residential/Other,2022,6,22,17,0,50XX MARGUERITE ST,Shaughnessy,489501.7226,5454242.109
Break and Enter Residential/Other,2022,4,12,8,47,53XX GRANVILLE ST,Shaughnessy,489843.7382,5453908.473
Break and Enter Residential/Other,2022,4,16,11,0,54XX LABURNUM ST,Shaughnessy,489050.241,5453828.158
Break and Enter Residential/Other,2022,5,14,20,35,55XX OAK ST,Shaughnessy,490676.508,5453674.68
Break and Enter Residential/Other,2022,6,20,1,50,55XX OSLER ST,Shaughnessy,490517.4825,5453677.345
Break and Enter Residential/Other,2022,2,25,12,0,56XX MAPLE ST,Shaughnessy,488935.7813,5453605.508
Mischief,2022,6,30,9,5,11XX W 26TH AVE,Shaughnessy,490513.9037,5455050.9
Mischief,2022,7,5,2,16,14XX NANTON AVE,Shaughnessy,489987.4613,5454970.628
Mischief,2022,5,15,17,20,15XX W 29TH AVE,Shaughnessy,489782.0119,5454748.383
Mischief,2022,2,6,6,0,18XX W 33RD AVE,Shaughnessy,489316.5031,5454365.378
Mischief,2022,4,12,5,43,18XX W 36TH AVE,Shaughnessy,489209.1128,5454049.085
Mischief,2022,5,11,8,1,19XX CEDAR CRES,Shaughnessy,489194.0641,5455720.404
Mischief,2022,7,11,16,0,19XX HOSMER AVE,Shaughnessy,489156.5009,5455570.51
Mischief,2022,7,5,14,30,19XX W 37TH AVE,Shaughnessy,489162.4233,5453950.005
Mischief,2022,2,26,22,0,34XX OAK ST,Shaughnessy,490730.87,5455784.25
Mischief,2022,5,4,9,43,38XX ANGUS DR,Shaughnessy,489390.7853,5455402.781
Mischief,2022,5,22,11,50,39XX MARGUERITE ST,Shaughnessy,489485.6205,5455282.404
Mischief,2022,3,1,12,55,39XX OAK ST,Shaughnessy,490716.5444,5455278.645
Mischief,2022,7,11,4,50,39XX OAK ST,Shaughnessy,490716.8104,5455301.098
Mischief,2022,4,15,0,0,41XX PINE CRES,Shaughnessy,489258.1778,5455147.944
Mischief,2022,1,31,6,29,51XX MAPLE ST,Shaughnessy,488947.7877,5454062.133
Mischief,2022,2,9,23,0,53XX LABURNUM ST,Shaughnessy,489051.9136,5453881.305
Mischief,2022,3,6,22,0,54XX CYPRESS ST,Shaughnessy,489137.7915,5453760.148
Mischief,2022,5,30,7,1,54XX HUDSON ST,Shaughnessy,490187.8103,5453804.908
Mischief,2022,1,3,12,0,MARGUERITE ST / W 35TH AVE,Shaughnessy,489503.3057,5454134.688
Mischief,2022,4,17,23,0,OAK ST / W 33RD AVE,Shaughnessy,490695.8902,5454303.69
Offence Against a Person,2022,7,11,0,0,OFFSET TO PROTECT PRIVACY,Shaughnessy,0,0
Offence Against a Person,2022,4,16,0,0,OFFSET TO PROTECT PRIVACY,Shaughnessy,0,0
Offence Against a Person,2022,4,16,0,0,OFFSET TO PROTECT PRIVACY,Shaughnessy,0,0
Offence Against a Person,2022,7,6,0,0,OFFSET TO PROTECT PRIVACY,Shaughnessy,0,0
Offence Against a Person,2022,1,9,0,0,OFFSET TO PROTECT PRIVACY,Shaughnessy,0,0
Offence Against a Person,2022,4,6,0,0,OFFSET TO PROTECT PRIVACY,Shaughnessy,0,0
Offence Against a Person,2022,4,23,0,0,OFFSET TO PROTECT PRIVACY,Shaughnessy,0,0
Offence Against a Person,2022,6,29,0,0,OFFSET TO PROTECT PRIVACY,Shaughnessy,0,0
Offence Against a Person,2022,4,6,0,0,OFFSET TO PROTECT PRIVACY,Shaughnessy,0,0
Offence Against a Person,2022,5,14,0,0,OFFSET TO PROTECT PRIVACY,Shaughnessy,0,0
Offence Against a Person,2022,1,29,0,0,OFFSET TO PROTECT PRIVACY,Shaughnessy,0,0
Offence Against a Person,2022,7,1,0,0,OFFSET TO PROTECT PRIVACY,Shaughnessy,0,0
Offence Against a Person,2022,3,10,0,0,OFFSET TO PROTECT PRIVACY,Shaughnessy,0,0
Offence Against a Person,2022,5,26,0,0,OFFSET TO PROTECT PRIVACY,Shaughnessy,0,0
Offence Against a Person,2022,5,5,0,0,OFFSET TO PROTECT PRIVACY,Shaughnessy,0,0
Other Theft,2022,4,6,20,0,11XX WOLFE AVE,Shaughnessy,490434.1759,5456020.735
Other Theft,2022,2,16,12,41,14XX W 40TH AVE,Shaughnessy,490003.7192,5453625.024
Other Theft,2022,5,4,5,25,16XX W KING EDWARD AVE,Shaughnessy,489600.3881,5455214.145
Other Theft,2022,5,11,22,0,20XX W 19TH AVE,Shaughnessy,488929.6947,5455763.924
Other Theft,2022,3,14,11,0,20XX W 41ST AVE,Shaughnessy,488731.6235,5453549.066
Other Theft,2022,6,25,12,20,20XX W 41ST AVE,Shaughnessy,488731.6235,5453549.066
Other Theft,2022,2,24,16,0,20XX W 41ST AVE,Shaughnessy,488735.5254,5453548.961
Other Theft,2022,4,10,0,0,34XX OSLER ST,Shaughnessy,490439.1052,5455780.927
Other Theft,2022,4,13,17,20,38XX MARGUERITE ST,Shaughnessy,489498.4341,5455360.586
Other Theft,2022,4,13,17,21,38XX MARGUERITE ST,Shaughnessy,489498.4341,5455360.586
Other Theft,2022,1,9,12,8,40XX SELKIRK ST,Shaughnessy,490389.4619,5455196.392
Other Theft,2022,1,30,22,0,41XX PINE CRES,Shaughnessy,489268.3511,5455196.599
Other Theft,2022,3,29,10,30,46XX OAK ST,Shaughnessy,490702.5022,5454574.215
Other Theft,2022,4,13,14,58,50XX ANGUS DR,Shaughnessy,489404.9713,5454244.966
Other Theft,2022,6,5,5,0,50XX ANGUS DR,Shaughnessy,489414.7835,5454168.806
Other Theft,2022,5,19,11,10,51XX OAK ST,Shaughnessy,490683.9012,5453990.657
Other Theft,2022,4,10,6,30,52XX MARGUERITE ST,Shaughnessy,489504.73,5454006.816
Other Theft,2022,4,20,11,30,52XX OAK ST,Shaughnessy,490680.7249,5453854.894
Other Theft,2022,4,30,13,0,52XX OAK ST,Shaughnessy,490680.7465,5453855.883
Other Theft,2022,1,26,9,0,53XX EAST BLVD,Shaughnessy,488728.2556,5453895.587
Other Theft,2022,3,4,8,20,53XX MAPLE ST,Shaughnessy,488944.0625,5453955.906
Other Theft,2022,2,5,22,30,53XX OAK ST,Shaughnessy,490679.7339,5453810.331
Other Theft,2022,6,27,16,40,55XX OSLER ST,Shaughnessy,490516.8254,5453648.056
Theft from Vehicle,2022,5,24,20,0,10XX BALFOUR AVE,Shaughnessy,490631.5228,5455460.947
Theft from Vehicle,2022,4,30,22,45,10XX BALFOUR AVE,Shaughnessy,490699.8049,5455444.077
Theft from Vehicle,2022,2,3,14,0,10XX W 16TH AVE,Shaughnessy,490679.139,5456033.549
Theft from Vehicle,2022,2,16,1,43,10XX W 38TH AVE,Shaughnessy,490553.3559,5453781.756
Theft from Vehicle,2022,3,2,0,0,10XX WOLFE AVE,Shaughnessy,490670.5584,5455578.13
Theft from Vehicle,2022,3,28,20,0,12XX W 40TH AVE,Shaughnessy,490339.0685,5453598.752
Theft from Vehicle,2022,1,24,2,53,13XX DEVONSHIRE CRES,Shaughnessy,490173.1927,5454801.879
Theft from Vehicle,2022,3,2,19,0,13XX LAURIER AVE,Shaughnessy,490218.5566,5455336.112
Theft from Vehicle,2022,4,20,17,0,13XX LAURIER AVE,Shaughnessy,490218.5566,5455336.112
Theft from Vehicle,2022,4,21,5,50,13XX MATTHEWS AVE,Shaughnessy,490118.5931,5455646.916
Theft from Vehicle,2022,1,25,18,0,13XX W 33RD AVE,Shaughnessy,490197.666,5454329.117
Theft from Vehicle,2022,4,11,23,30,13XX W 41ST AVE,Shaughnessy,490016.7007,5453510.886
Theft from Vehicle,2022,4,20,23,0,14XX LAURIER AVE,Shaughnessy,489919.1689,5455344.64
Theft from Vehicle,2022,2,5,14,0,14XX W 37TH AVE,Shaughnessy,489935.079,5453918.05
Theft from Vehicle,2022,4,11,21,0,14XX W 37TH AVE,Shaughnessy,490017.6714,5453916.188
Theft from Vehicle,2022,3,24,4,14,15XX LAURIER AVE,Shaughnessy,489777.2033,5455347.382
Theft from Vehicle,2022,1,10,3,30,15XX MARPOLE AVE,Shaughnessy,489776.9991,5455907.346
Theft from Vehicle,2022,1,15,1,0,15XX MARPOLE AVE,Shaughnessy,489781.6029,5455919.112
Theft from Vehicle,2022,4,16,0,0,15XX W 40TH AVE,Shaughnessy,489787.4179,5453626.875
Theft from Vehicle,2022,3,19,3,44,15XX W 40TH AVE,Shaughnessy,489823.7652,5453635.054
Theft from Vehicle,2022,1,19,18,0,17XX CEDAR CRES,Shaughnessy,489539.698,5455940.723
Theft from Vehicle,2022,3,14,20,0,17XX W 37TH AVE,Shaughnessy,489487.8747,5453941.701
Theft from Vehicle,2022,4,1,14,0,19XX MATTHEWS AVE,Shaughnessy,489070.5049,5455425.007
Theft from Vehicle,2022,6,10,21,30,19XX W 35TH AVE,Shaughnessy,489135.9961,5454151.572
Theft from Vehicle,2022,2,8,4,0,19XX W 36TH AVE,Shaughnessy,489120.035,5454042.088
Theft from Vehicle,2022,2,9,11,9,19XX W KING EDWARD AVE,Shaughnessy,489068.3749,5455259.861
Theft from Vehicle,2022,6,6,17,35,20XX W 20TH AVE,Shaughnessy,489019.177,5455637.538
Theft from Vehicle,2022,6,3,14,0,20XX W 37TH AVE,Shaughnessy,488805.4605,5453959.129
Theft from Vehicle,2022,3,3,20,0,33XX OAK ST,Shaughnessy,490733.4782,5455870.184
Theft from Vehicle,2022,1,22,23,0,35XX OAK ST,Shaughnessy,490727.8558,5455684.146
Theft from Vehicle,2022,1,17,18,0,37XX EAST BLVD,Shaughnessy,488898.2746,5455559.156
Theft from Vehicle,2022,1,9,21,0,37XX HUDSON ST,Shaughnessy,490209.2098,5455519.207
Theft from Vehicle,2022,4,15,19,0,38XX ANGUS DR,Shaughnessy,489416.8694,5455426.528
Theft from Vehicle,2022,3,7,0,0,38XX OAK ST,Shaughnessy,490719.3725,5455409.449
Theft from Vehicle,2022,6,25,18,0,39XX CARTIER ST,Shaughnessy,490058.9172,5455285.06
Theft from Vehicle,2022,5,22,11,50,39XX MARGUERITE ST,Shaughnessy,489485.6205,5455282.404
Theft from Vehicle,2022,3,16,4,15,43XX CARTIER ST,Shaughnessy,490049.9054,5454962.446
Theft from Vehicle,2022,4,27,0,0,44XX OSLER ST,Shaughnessy,490538.1176,5454809.094
Theft from Vehicle,2022,6,10,20,0,46XX BEVERLY CRES,Shaughnessy,489619.8886,5454643.578
Theft from Vehicle,2022,1,1,21,0,47XX OSLER ST,Shaughnessy,490529.548,5454489.894
Theft from Vehicle,2022,3,1,19,0,48XX OSLER ST,Shaughnessy,490535.4013,5454365.138
Theft from Vehicle,2022,6,15,4,30,48XX PINE CRES,Shaughnessy,489322.8902,5454448.291
Theft from Vehicle,2022,2,6,6,20,50XX ANGUS DR,Shaughnessy,489414.7835,5454168.806
Theft from Vehicle,2022,6,12,6,0,50XX ANGUS DR,Shaughnessy,489414.7835,5454168.806
Theft from Vehicle,2022,7,12,23,30,50XX CONNAUGHT DR,Shaughnessy,489625.0618,5454192.039
Theft from Vehicle,2022,4,10,19,0,53XX GRANVILLE ST,Shaughnessy,489840.68,5453843.741
Theft from Vehicle,2022,2,2,18,0,53XX OAK ST,Shaughnessy,490679.7339,5453810.331
Theft from Vehicle,2022,2,17,6,57,54XX CYPRESS ST,Shaughnessy,489137.7915,5453760.148
Theft from Vehicle,2022,2,10,16,0,54XX OAK ST,Shaughnessy,490678.3744,5453751.872
Theft from Vehicle,2022,6,20,1,50,55XX OSLER ST,Shaughnessy,490517.4825,5453677.345
Theft from Vehicle,2022,4,5,4,26,CARTIER ST / W 33RD AVE,Shaughnessy,490038.1495,5454342.972
Theft from Vehicle,2022,7,6,15,0,GRANVILLE ST / W 37TH AVE,Shaughnessy,489849.0754,5453924.561
Theft from Vehicle,2022,2,2,23,0,HUDSON ST / W 38TH AVE,Shaughnessy,490192.4212,5453806.366
Theft from Vehicle,2022,3,8,16,0,MCRAE AVE / THE CRESCENT CRES,Shaughnessy,490108.8704,5455954.704
Theft of Bicycle,2022,3,1,16,8,11XX W KING EDWARD AVE,Shaughnessy,490453.8151,5455190.083
Theft of Bicycle,2022,5,5,6,45,14XX NANTON AVE,Shaughnessy,489886.8252,5454973.904
Theft of Bicycle,2022,2,13,1,0,16XX W 37TH AVE,Shaughnessy,489530.6318,5453940.62
Theft of Bicycle,2022,2,9,11,9,19XX W KING EDWARD AVE,Shaughnessy,489068.3749,5455259.861
Theft of Bicycle,2022,3,4,9,0,53XX EAST BLVD,Shaughnessy,488728.1379,5453889.421
Theft of Bicycle,2022,4,20,11,30,53XX EAST BLVD,Shaughnessy,488728.2556,5453895.587
Theft of Vehicle,2022,3,22,4,30,14XX MINTO CRES,Shaughnessy,490023.8097,5454466.795
Theft of Vehicle,2022,4,24,23,0,14XX W 40TH AVE,Shaughnessy,490009.9841,5453615.499
Theft of Vehicle,2022,5,12,14,24,15XX MARPOLE AVE,Shaughnessy,489849.3725,5455960.19
Theft of Vehicle,2022,2,4,1,30,15XX W 28TH AVE,Shaughnessy,489869.0096,5454861.498
Theft of Vehicle,2022,1,16,13,0,16XX CEDAR CRES,Shaughnessy,489714.7538,5456007.087
Theft of Vehicle,2022,4,11,10,46,19XX HOSMER AVE,Shaughnessy,489188.973,5455575.923
Theft of Vehicle,2022,2,27,19,26,20XX W 37TH AVE,Shaughnessy,488805.4605,5453959.129
Theft of Vehicle,2022,7,10,0,0,33XX GRANVILLE ST,Shaughnessy,489892.1456,5455924.13
Theft of Vehicle,2022,1,24,21,45,40XX OAK ST,Shaughnessy,490716.0016,5455232.869
Theft of Vehicle,2022,7,3,2,0,46XX BEVERLY CRES,Shaughnessy,489596.6308,5454625.134
Theft of Vehicle,2022,1,2,4,35,48XX OSLER ST,Shaughnessy,490536.8037,5454415.414
Theft of Vehicle,2022,4,12,8,36,49XX MARGUERITE ST,Shaughnessy,489513.8406,5454348.8
Theft of Vehicle,2022,2,11,18,0,54XX ANGUS DR,Shaughnessy,489261.8199,5453802.926
Vehicle Collision or Pedestrian Struck (with Injury),2022,6,9,13,23,DOUGLAS CRES / OAK ST,Shaughnessy,490734,5455746
Vehicle Collision or Pedestrian Struck (with Injury),2022,2,19,14,11,GRANVILLE ST / W KING EDWARD AVE,Shaughnessy,489876,5455180
Vehicle Collision or Pedestrian Struck (with Injury),2022,4,20,16,33,OAK ST / W 33RD AVE,Shaughnessy,490695,5454303
Vehicle Collision or Pedestrian Struck (with Injury),2022,3,20,22,58,W 16TH AVE / GRANVILLE ST,Shaughnessy,489900,5456041
Vehicle Collision or Pedestrian Struck (with Injury),2022,5,9,8,25,W 29TH AVE / GRANVILLE ST,Shaughnessy,489871,5454750
Vehicle Collision or Pedestrian Struck (with Injury),2022,6,24,22,21,W 33RD AVE / GRANVILLE ST,Shaughnessy,489859,5454355
Vehicle Collision or Pedestrian Struck (with Injury),2022,5,27,15,38,W 33RD AVE / OSLER ST,Shaughnessy,490529,5454313
Vehicle Collision or Pedestrian Struck (with Injury),2022,7,15,10,0,W 33RD AVE / PINE CRES,Shaughnessy,489315,5454369
Vehicle Collision or Pedestrian Struck (with Injury),2022,6,1,17,30,W 37TH AVE / CONNAUGHT DR,Shaughnessy,489661,5453932
Vehicle Collision or Pedestrian Struck (with Injury),2022,6,15,17,4,W 39TH AVE / GRANVILLE ST,Shaughnessy,489840,5453729
Vehicle Collision or Pedestrian Struck (with Injury),2022,5,5,16,52,W KING EDWARD AVE / GRANVILLE ST,Shaughnessy,489877,5455202